soc,has_eloundou,has_aioe,has_frey_osborne,reason
11-1031,True,False,False,missing_from_aioe_and_frey_osborne
11-9039,False,True,False,missing_from_eloundou_and_frey_osborne
11-9171,True,True,False,missing_from_frey_osborne
13-1071,True,True,False,missing_from_frey_osborne
13-1075,True,True,False,missing_from_frey_osborne
13-1131,True,True,False,missing_from_frey_osborne
15-1212,True,True,False,missing_from_frey_osborne
15-1231,True,True,False,missing_from_frey_osborne
15-1232,True,True,False,missing_from_frey_osborne
15-1241,True,True,False,missing_from_frey_osborne
15-1254,True,True,False,missing_from_frey_osborne
15-1255,True,True,False,missing_from_frey_osborne
15-2051,True,False,False,missing_from_aioe_and_frey_osborne
21-1094,True,True,False,missing_from_frey_osborne
25-1011,True,True,False,missing_from_frey_osborne
25-1021,True,True,False,missing_from_frey_osborne
25-1022,True,True,False,missing_from_frey_osborne
25-1031,True,True,False,missing_from_frey_osborne
25-1032,True,True,False,missing_from_frey_osborne
25-1041,True,True,False,missing_from_frey_osborne
25-1042,True,True,False,missing_from_frey_osborne
25-1043,True,True,False,missing_from_frey_osborne
25-1051,True,True,False,missing_from_frey_osborne
25-1052,True,True,False,missing_from_frey_osborne
25-1053,True,True,False,missing_from_frey_osborne
25-1054,True,True,False,missing_from_frey_osborne
25-1061,True,True,False,missing_from_frey_osborne
25-1062,True,True,False,missing_from_frey_osborne
25-1063,True,True,False,missing_from_frey_osborne
25-1064,True,True,False,missing_from_frey_osborne
25-1065,True,True,False,missing_from_frey_osborne
25-1066,True,True,False,missing_from_frey_osborne
25-1067,True,True,False,missing_from_frey_osborne
25-1071,True,True,False,missing_from_frey_osborne
25-1072,True,True,False,missing_from_frey_osborne
25-1081,True,True,False,missing_from_frey_osborne
25-1082,True,True,False,missing_from_frey_osborne
25-1111,True,True,False,missing_from_frey_osborne
25-1112,True,True,False,missing_from_frey_osborne
25-1113,True,True,False,missing_from_frey_osborne
25-1121,True,True,False,missing_from_frey_osborne
25-1122,True,True,False,missing_from_frey_osborne
25-1123,True,True,False,missing_from_frey_osborne
25-1124,True,True,False,missing_from_frey_osborne
25-1125,True,True,False,missing_from_frey_osborne
25-1126,True,True,False,missing_from_frey_osborne
25-1192,True,True,False,missing_from_frey_osborne
25-1193,True,True,False,missing_from_frey_osborne
25-1194,True,True,False,missing_from_frey_osborne
25-2051,True,True,False,missing_from_frey_osborne
25-2055,True,True,False,missing_from_frey_osborne
25-2056,True,True,False,missing_from_frey_osborne
25-2059,True,True,False,missing_from_frey_osborne
25-3031,True,True,False,missing_from_frey_osborne
25-3041,True,True,False,missing_from_frey_osborne
25-3099,False,True,False,missing_from_eloundou_and_frey_osborne
25-9044,True,True,False,missing_from_frey_osborne
25-9049,False,True,True,missing_from_eloundou
27-2091,True,False,False,missing_from_aioe_and_frey_osborne
27-3099,False,True,True,missing_from_eloundou
27-4015,True,False,False,missing_from_aioe_and_frey_osborne
29-1128,True,True,False,missing_from_frey_osborne
29-1129,True,False,False,missing_from_aioe_and_frey_osborne
29-1141,True,True,False,missing_from_frey_osborne
29-1151,True,True,False,missing_from_frey_osborne
29-1161,True,True,False,missing_from_frey_osborne
29-1171,True,True,False,missing_from_frey_osborne
29-1211,True,True,False,missing_from_frey_osborne
29-1212,True,True,False,missing_from_frey_osborne
29-1213,True,True,False,missing_from_frey_osborne
29-1214,True,True,False,missing_from_frey_osborne
29-1215,True,True,False,missing_from_frey_osborne
29-1216,True,True,False,missing_from_frey_osborne
29-1217,True,True,False,missing_from_frey_osborne
29-1218,True,True,False,missing_from_frey_osborne
29-1221,True,True,False,missing_from_frey_osborne
29-1222,True,True,False,missing_from_frey_osborne
29-1223,True,True,False,missing_from_frey_osborne
29-1224,True,True,False,missing_from_frey_osborne
29-1229,True,True,False,missing_from_frey_osborne
29-1241,True,True,False,missing_from_frey_osborne
29-1242,True,True,False,missing_from_frey_osborne
29-1243,True,True,False,missing_from_frey_osborne
29-1249,False,True,False,missing_from_eloundou_and_frey_osborne
29-2034,True,True,False,missing_from_frey_osborne
29-2035,True,True,False,missing_from_frey_osborne
29-2036,True,True,False,missing_from_frey_osborne
29-2057,True,True,False,missing_from_frey_osborne
29-2092,True,True,False,missing_from_frey_osborne
29-9092,True,True,False,missing_from_frey_osborne
29-9093,True,True,False,missing_from_frey_osborne
29-9099,True,True,False,missing_from_frey_osborne
31-1131,True,True,False,missing_from_frey_osborne
31-1132,True,True,False,missing_from_frey_osborne
31-9097,True,True,False,missing_from_frey_osborne
31-9099,True,True,False,missing_from_frey_osborne
33-1091,True,False,False,missing_from_aioe_and_frey_osborne
33-9093,True,True,False,missing_from_frey_osborne
33-9094,True,True,False,missing_from_frey_osborne
33-9099,True,True,False,missing_from_frey_osborne
39-4012,True,False,False,missing_from_aioe_and_frey_osborne
39-4031,True,True,False,missing_from_frey_osborne
41-3091,True,True,False,missing_from_frey_osborne
43-2099,False,True,True,missing_from_eloundou
45-2091,True,True,False,missing_from_frey_osborne
45-2092,True,True,False,missing_from_frey_osborne
45-2093,True,True,False,missing_from_frey_osborne
47-2231,True,True,False,missing_from_frey_osborne
47-4099,True,True,False,missing_from_frey_osborne
47-5049,False,True,True,missing_from_eloundou
49-9081,True,True,False,missing_from_frey_osborne
51-9199,False,True,False,missing_from_eloundou_and_frey_osborne
53-1049,False,True,True,missing_from_eloundou
53-6032,True,False,False,missing_from_aioe_and_frey_osborne
53-7199,False,True,True,missing_from_eloundou
