soc,pct_eloundou_beta,pct_eloundou_beta_human,pct_aioe,pct_frey_osborne,pct_full_eloundou_beta,pct_full_eloundou_beta_human,pct_full_aioe,pct_full_frey_osborne,pct_spread
11-1011,79.8,65.66,92.06,9.74,79.32,63.28,91.0,9.66,82.32
11-1021,73.88,67.32,66.09,28.14,72.68,65.48,62.75,28.04,45.74
11-2011,73.3,89.18,89.9,17.97,71.68,88.47,87.62,17.95,71.93
11-2021,78.07,91.63,90.91,8.73,77.51,91.1,88.88,8.66,82.18
11-2022,69.7,80.23,87.45,8.15,67.29,79.57,85.25,8.08,79.29
11-2032,86.29,91.27,89.54,9.74,86.84,90.73,87.31,9.66,79.8
11-2033,87.73,82.76,89.54,9.74,88.22,81.89,87.31,9.66,79.8
11-3012,60.97,82.76,69.91,56.78,57.71,81.89,67.56,56.87,13.13
11-3013,62.77,69.7,69.91,56.78,59.52,68.3,67.56,56.87,13.13
11-3021,83.26,90.19,80.38,16.81,83.52,89.35,77.62,16.81,66.45
11-3031,74.46,75.9,98.27,21.79,73.43,75.69,98.38,21.75,76.48
11-3051,63.35,59.74,65.22,15.8,60.28,56.64,61.75,15.81,49.42
11-3061,90.04,78.21,96.97,15.8,90.23,77.82,97.12,15.81,81.17
11-3071,74.89,78.5,74.31,46.75,73.81,78.07,71.75,46.71,28.14
11-3111,80.38,76.91,90.48,90.4,80.33,76.57,88.12,90.34,10.1
11-3121,73.74,75.54,91.2,3.97,72.49,75.38,89.38,3.93,87.23
11-3131,78.07,79.58,88.6,4.33,77.51,79.01,86.5,4.29,84.27
11-9013,58.23,48.92,51.08,19.48,54.57,45.61,46.38,19.46,38.74
11-9021,69.55,69.05,78.64,22.08,67.04,67.54,75.75,22.03,56.57
11-9031,72.51,84.7,72.58,9.74,70.11,83.83,70.25,9.66,62.84
11-9032,65.51,76.12,80.23,3.1,62.28,75.88,77.5,3.08,77.13
11-9033,68.54,79.37,98.7,7.07,66.04,78.82,98.75,7.01,91.63
11-9041,69.26,60.03,72.44,11.11,66.79,56.89,70.12,11.02,61.33
11-9051,65.08,68.11,51.52,23.38,61.9,66.42,46.75,23.32,41.7
11-9071,89.03,80.66,72.01,24.24,89.35,79.95,69.75,24.18,64.79
11-9072,56.71,67.1,76.19,32.47,52.76,65.29,73.62,32.33,43.72
11-9081,71.07,66.96,62.48,1.66,68.67,65.16,59.25,1.65,69.41
11-9111,67.32,66.09,87.3,5.19,64.41,63.91,85.0,5.15,82.11
11-9121,83.41,81.1,91.49,11.62,83.71,80.33,90.12,11.52,79.87
11-9131,81.75,75.76,71.86,58.23,81.89,75.56,69.62,58.3,23.52
11-9141,69.41,73.45,85.57,63.28,66.92,72.68,83.0,63.3,22.29
11-9151,61.47,74.75,83.98,4.76,58.21,74.56,81.12,4.72,79.22
11-9161,66.23,93.65,78.79,0.36,63.16,93.73,75.88,0.36,78.43
11-9179,69.99,59.16,76.19,32.47,67.67,56.14,73.62,32.33,43.72
11-9199,76.05,77.49,76.19,32.47,75.44,77.07,73.62,32.33,43.72
13-1011,85.64,65.8,80.66,31.53,86.15,63.47,77.88,31.4,54.11
13-1021,82.83,50.07,70.56,71.79,83.08,46.74,68.38,71.75,12.27
13-1022,72.15,69.05,71.57,34.27,69.8,67.54,69.38,34.12,37.88
13-1023,73.02,65.44,99.71,59.81,70.8,62.91,99.62,59.87,39.9
13-1031,80.81,81.39,87.88,96.83,80.83,80.58,85.62,96.78,16.02
13-1032,78.07,82.76,67.68,96.83,77.51,81.89,64.25,96.78,29.15
13-1041,82.4,86.72,68.54,23.02,82.46,85.84,65.12,22.96,59.38
13-1051,78.07,80.09,94.37,45.82,77.51,79.45,94.38,45.71,48.56
13-1074,29.87,4.04,43.29,93.43,27.13,3.57,39.25,93.35,63.56
13-1081,83.12,93.07,90.33,7.72,83.33,93.23,88.0,7.65,82.61
13-1082,86.29,69.05,80.95,31.53,86.84,67.54,78.12,31.4,54.76
13-1111,63.06,82.76,97.55,26.62,59.96,81.89,97.62,26.54,70.92
13-1121,74.68,64.79,61.76,17.32,73.62,62.16,58.5,17.31,57.36
13-1141,73.02,78.79,98.12,41.27,70.8,78.32,98.25,41.06,56.85
13-1151,86.65,92.64,85.14,8.73,87.16,92.73,82.5,8.66,77.92
13-1161,81.96,89.03,97.26,48.2,82.08,88.1,97.38,48.21,49.06
13-1199,89.75,88.6,80.09,30.95,89.97,87.59,77.38,30.83,58.8
13-2011,87.37,85.79,99.13,85.21,87.91,84.9,99.12,85.12,13.92
13-2022,88.67,90.91,73.09,76.62,89.04,90.29,70.69,76.54,15.58
13-2023,75.9,77.34,73.09,76.62,75.31,76.94,70.69,76.54,3.54
13-2031,80.81,95.96,99.57,85.21,80.83,96.24,99.5,85.12,18.76
13-2041,87.09,89.75,93.07,96.83,87.53,88.97,92.12,96.78,9.74
13-2051,71.5,82.76,95.09,30.95,69.24,81.89,95.12,30.83,64.14
13-2052,78.07,96.97,96.1,46.32,77.51,97.37,96.25,46.21,49.78
13-2053,88.67,82.76,91.34,99.21,89.04,81.89,90.0,99.21,10.53
13-2054,84.2,92.14,94.52,33.91,84.46,91.67,94.62,33.76,60.61
13-2061,78.07,91.49,100.0,28.72,77.51,90.98,99.88,28.61,71.28
13-2071,92.21,97.98,95.38,18.25,92.23,98.25,95.38,18.24,77.13
13-2072,90.48,96.39,95.53,96.83,90.6,96.62,95.5,96.78,6.35
13-2081,89.61,97.33,94.08,82.61,89.85,97.68,94.12,82.47,11.47
13-2082,92.21,95.09,89.75,99.21,92.23,95.11,87.5,99.21,9.45
13-2099,89.9,92.78,93.8,35.35,90.1,92.86,93.75,35.19,58.44
15-1211,91.34,89.47,84.99,4.62,91.48,88.72,82.38,4.58,86.72
15-1221,92.78,82.76,83.84,9.74,92.92,81.89,81.0,9.66,83.04
15-1242,99.28,93.22,88.74,15.8,99.37,93.36,86.62,15.81,83.48
15-1243,99.13,96.1,87.16,15.8,99.12,96.37,84.88,15.81,83.33
15-1244,96.1,84.56,71.14,15.8,96.37,83.71,69.0,15.81,80.3
15-1251,99.42,97.55,87.59,41.77,99.5,97.87,85.38,41.56,57.65
15-1252,97.98,74.96,86.58,23.88,98.12,74.75,84.12,23.82,74.1
15-1253,98.41,94.37,86.29,23.88,98.5,94.36,83.88,23.82,74.53
15-1299,96.25,93.36,76.48,60.53,96.49,93.48,73.88,60.59,35.71
15-2011,78.07,88.24,99.86,30.16,77.51,87.28,99.75,30.04,69.7
15-2021,100.0,97.69,98.99,19.48,100.0,97.99,99.0,19.46,80.52
15-2031,92.57,95.24,95.96,16.81,92.54,95.24,96.12,16.81,79.15
15-2041,95.82,98.7,95.24,30.52,96.12,98.87,95.25,30.4,65.3
15-2099,97.84,96.54,70.42,99.21,97.99,96.8,68.12,99.21,28.79
17-1011,75.32,72.87,79.94,11.62,74.56,72.18,77.25,11.52,68.33
17-1012,66.02,65.44,79.22,19.12,62.97,62.91,76.38,19.1,60.1
17-1021,80.81,76.77,71.43,73.3,80.83,76.44,69.25,73.25,9.38
17-1022,79.94,71.57,57.86,37.81,79.45,70.43,53.37,37.63,42.14
17-2011,88.67,85.14,92.21,11.11,89.04,84.34,91.38,11.02,81.1
17-2021,66.88,60.46,75.61,42.42,63.85,57.27,73.12,42.2,33.19
17-2031,90.19,88.74,77.06,17.32,90.35,87.72,74.38,17.31,72.87
17-2041,71.5,62.55,92.5,11.11,69.24,59.59,91.62,11.02,81.39
17-2051,74.17,76.12,88.46,11.98,73.06,75.88,86.38,11.87,76.48
17-2061,95.96,58.66,82.83,30.52,96.24,55.51,80.12,30.4,65.44
17-2071,87.73,70.13,82.11,25.25,88.22,68.67,79.5,25.18,62.48
17-2072,91.63,75.18,67.82,14.0,91.73,74.94,64.5,13.88,77.63
17-2081,87.09,82.76,92.93,11.62,87.53,81.89,92.0,11.52,81.31
17-2111,79.65,90.62,77.49,14.72,79.2,89.97,74.75,14.59,64.94
17-2112,86.87,86.0,82.54,15.15,87.34,85.09,79.88,15.09,71.72
17-2121,66.02,69.55,65.8,7.07,62.97,68.17,62.38,7.01,58.95
17-2131,75.18,58.44,79.37,12.77,74.25,55.14,76.5,12.66,66.59
17-2141,83.69,83.98,77.63,7.36,83.96,82.96,74.88,7.3,76.33
17-2151,74.03,82.76,93.36,27.42,72.87,81.89,92.38,27.32,65.95
17-2161,86.29,79.08,90.76,21.93,86.84,78.57,88.5,21.89,68.83
17-2171,82.83,73.02,86.72,28.14,83.08,72.31,84.38,28.04,58.59
17-2199,81.24,74.6,71.0,8.73,81.45,74.44,68.88,8.66,72.51
17-3011,85.28,85.79,75.04,43.43,85.59,84.9,72.38,43.2,41.85
17-3012,89.18,81.24,74.89,63.28,89.47,80.45,72.25,63.3,25.9
17-3013,78.07,77.71,72.87,53.54,77.51,77.26,70.5,53.51,24.53
17-3021,53.68,46.03,61.9,41.77,49.75,42.73,58.75,41.56,20.13
17-3022,90.48,79.58,75.18,58.23,90.6,79.01,72.75,58.3,32.25
17-3023,63.2,59.88,61.18,67.75,60.15,56.77,57.75,67.74,6.57
17-3024,60.32,45.45,46.32,63.28,57.02,41.98,41.88,63.3,16.96
17-3025,63.49,73.59,54.83,32.47,60.4,72.93,50.38,32.33,31.02
17-3026,65.66,65.22,66.81,15.8,62.53,62.66,63.5,15.81,51.01
17-3027,59.31,58.01,51.66,37.81,55.89,54.76,46.88,37.63,21.5
17-3028,62.55,51.8,58.95,31.53,59.27,48.5,54.81,31.4,31.02
17-3029,46.03,51.08,58.95,31.53,42.73,47.74,54.81,31.4,27.42
17-3031,78.07,84.27,56.13,90.4,77.51,83.21,51.88,90.34,34.27
19-1011,83.55,99.93,79.8,21.21,83.83,99.94,76.88,21.17,62.34
19-1012,55.99,82.76,71.28,22.8,52.07,81.89,69.12,22.75,48.48
19-1013,75.61,95.38,67.24,12.77,75.06,95.36,63.88,12.66,62.84
19-1021,70.56,74.17,74.6,14.36,68.17,73.81,72.0,14.23,60.25
19-1022,61.98,57.58,68.25,7.72,58.71,54.26,64.88,7.65,60.53
19-1023,70.13,86.44,60.89,34.7,67.79,85.59,57.5,34.55,35.43
19-1029,86.0,77.06,77.78,9.74,86.59,76.69,75.0,9.66,76.26
19-1031,68.83,79.94,55.7,10.61,66.29,79.32,51.12,10.52,58.23
19-1032,58.44,65.08,49.78,6.13,54.76,62.53,45.25,6.08,52.31
19-1041,69.12,89.9,97.69,29.87,66.67,89.1,97.75,29.76,67.82
19-1042,81.39,90.76,88.02,2.89,81.58,90.1,85.88,2.86,85.14
19-2011,68.11,71.86,94.66,18.54,65.54,70.8,94.75,18.53,76.12
19-2012,96.54,95.82,93.22,25.25,96.8,96.12,92.25,25.18,71.28
19-2021,88.02,94.08,94.81,52.74,88.47,94.11,94.88,52.72,42.06
19-2031,59.67,69.05,64.65,25.25,56.2,67.54,61.25,25.18,39.39
19-2032,74.31,84.92,79.08,12.77,73.18,84.15,76.25,12.66,66.31
19-2041,81.1,98.56,78.07,16.38,81.2,98.75,75.25,16.38,64.72
19-2042,72.15,79.8,69.26,49.57,69.8,79.2,66.75,49.57,22.58
19-2043,78.07,87.66,67.53,8.73,77.51,86.65,64.12,8.66,69.34
19-2099,71.07,74.46,82.68,40.26,68.67,74.31,80.0,40.06,42.42
19-3011,86.65,94.66,96.39,40.26,87.16,94.74,96.5,40.06,56.13
19-3022,92.21,99.93,97.11,30.95,92.23,99.94,97.25,30.83,66.16
19-3032,75.47,92.35,96.25,7.72,74.87,92.17,96.38,7.65,88.53
19-3033,58.8,84.13,98.48,3.39,55.08,83.08,98.56,3.36,95.09
19-3034,61.18,91.92,98.48,3.39,57.89,91.35,98.56,3.36,95.09
19-3039,70.27,53.82,95.67,2.31,67.92,50.38,95.75,2.29,93.36
19-3041,85.14,94.52,96.68,20.92,85.46,94.49,96.75,20.89,75.76
19-3051,73.45,91.77,86.0,26.62,71.87,91.23,83.5,26.54,59.38
19-3091,68.98,84.92,68.4,5.7,66.42,84.15,65.0,5.65,63.28
19-3092,76.48,66.45,97.84,32.47,75.81,64.66,97.88,32.33,65.37
19-3093,73.02,82.76,81.1,40.69,70.8,81.89,78.38,40.49,40.4
19-3094,73.59,88.89,96.83,17.97,72.31,87.97,97.0,17.95,78.86
19-3099,81.53,96.83,91.63,18.25,81.7,97.12,90.25,18.24,73.38
19-4012,63.92,60.46,56.64,93.43,60.78,57.27,52.31,93.35,36.8
19-4013,57.22,54.91,56.64,93.43,53.2,51.32,52.31,93.35,36.8
19-4021,65.08,51.8,60.61,34.7,61.9,48.5,57.25,34.55,30.38
19-4031,61.47,67.97,55.41,45.82,58.21,66.29,50.88,45.71,15.66
19-4042,70.85,72.15,54.11,59.81,68.42,71.05,49.62,59.87,16.74
19-4043,60.61,56.13,55.99,78.79,57.33,52.88,51.75,78.68,22.8
19-4044,78.07,87.66,59.88,59.02,77.51,86.65,56.38,59.08,19.05
19-4051,35.93,54.69,58.59,68.98,33.08,51.13,54.37,68.96,33.04
19-4061,94.37,94.95,85.28,51.08,94.74,94.99,82.62,51.07,43.29
19-4071,53.82,59.31,34.63,39.9,49.87,56.27,31.37,39.7,19.19
19-4092,60.17,43.43,59.74,6.78,56.89,39.97,56.12,6.72,53.39
19-4099,84.56,78.64,63.2,48.2,84.84,78.2,59.88,48.21,36.36
19-5011,54.4,63.78,72.15,28.72,50.56,61.15,69.88,28.61,43.43
19-5012,61.98,71.21,62.19,32.47,58.71,70.05,59.0,32.33,29.73
21-1011,37.81,55.12,78.93,16.38,34.96,51.5,76.0,16.38,62.55
21-1012,50.0,59.02,76.62,6.35,46.18,56.02,74.0,6.29,70.27
21-1013,25.83,53.03,94.23,8.73,23.43,49.56,94.25,8.66,85.5
21-1014,44.01,51.52,92.64,3.61,40.73,48.25,91.75,3.58,89.03
21-1015,57.0,77.92,64.94,6.64,53.01,77.57,61.5,6.58,58.3
21-1021,42.86,55.92,70.85,14.72,39.47,52.51,68.62,14.59,56.13
21-1022,55.84,71.86,75.32,1.01,51.88,70.8,72.88,1.0,74.31
21-1023,46.83,63.13,81.82,0.58,43.42,60.59,79.12,0.57,81.24
21-1091,83.91,82.76,68.11,19.12,84.15,81.89,64.75,19.1,64.79
21-1092,61.76,74.96,65.66,32.47,58.52,74.75,62.25,32.33,33.19
21-1093,61.47,66.45,63.64,26.62,58.21,64.66,60.38,26.54,37.01
21-2011,54.4,48.41,88.31,6.13,50.56,45.18,86.25,6.08,82.18
21-2021,68.69,76.41,85.43,14.0,66.17,76.13,82.75,13.88,71.43
23-1011,66.59,79.08,91.77,16.81,63.53,78.57,90.38,16.81,74.96
23-1012,80.52,75.32,98.85,39.39,80.45,75.06,98.88,39.2,59.45
23-1021,78.07,62.55,94.95,50.29,77.51,59.59,95.0,50.29,44.66
23-1022,78.07,65.95,97.4,21.07,77.51,63.66,97.5,21.03,76.33
23-1023,65.08,50.07,99.42,38.89,61.9,46.74,99.38,38.7,60.53
23-2011,82.18,75.54,89.32,85.21,82.27,75.38,87.12,85.12,7.14
23-2093,88.67,89.61,88.17,99.21,89.04,88.85,86.0,99.21,11.04
25-2011,39.97,57.14,54.4,5.34,36.97,53.88,49.88,5.29,49.06
25-2012,40.4,55.56,61.47,27.78,37.34,52.13,58.13,27.68,33.69
25-2021,52.38,57.29,74.17,2.6,48.25,54.01,71.62,2.58,71.57
25-2022,56.13,61.62,89.03,28.72,52.26,58.65,86.88,28.61,60.32
25-2023,53.39,61.04,65.37,33.19,49.5,58.02,62.0,33.05,32.18
25-2031,54.4,61.9,84.85,5.92,50.56,58.9,82.12,5.87,78.93
25-2032,54.4,60.46,61.62,6.49,50.56,57.27,58.38,6.44,55.12
25-2057,51.95,56.28,90.04,10.61,47.87,53.01,87.75,10.52,79.44
25-2058,51.37,55.7,75.9,5.7,47.37,52.26,73.38,5.65,70.2
25-3011,62.91,72.37,93.51,29.73,59.77,71.62,92.88,29.61,63.78
25-3021,57.58,66.81,65.51,26.62,53.51,65.04,62.12,26.54,38.89
25-4011,78.07,82.76,67.97,59.02,77.51,81.89,64.62,59.08,19.05
25-4012,78.07,85.28,69.7,4.91,77.51,84.46,67.38,4.86,73.16
25-4013,41.13,48.2,51.95,46.75,37.97,44.99,47.12,46.71,10.82
25-4022,84.7,82.76,70.13,43.43,84.96,81.89,67.75,43.2,41.27
25-4031,88.17,87.16,54.69,99.21,88.6,86.22,50.25,99.21,44.52
25-9021,58.8,88.24,73.59,5.48,55.08,87.28,71.12,5.44,68.11
25-9031,75.04,86.58,90.62,2.16,74.06,85.71,88.25,2.15,88.46
25-9042,58.01,54.55,63.42,45.24,54.39,51.0,60.12,45.06,18.18
25-9043,45.67,50.07,63.42,45.24,42.42,46.74,60.12,45.06,18.18
27-1011,78.07,73.23,78.5,13.64,77.51,72.49,75.62,13.52,64.86
27-1012,44.3,45.6,23.38,16.81,40.98,42.36,21.38,16.81,27.49
27-1013,66.59,57.58,38.24,18.76,63.53,54.26,34.62,18.74,47.84
27-1014,82.18,79.08,68.83,9.74,82.27,78.57,65.38,9.66,72.44
27-1021,71.86,71.0,73.88,17.32,69.55,69.67,71.38,17.31,56.57
27-1022,60.75,66.45,66.23,12.77,57.52,64.66,62.88,12.66,53.46
27-1023,37.59,51.8,46.9,19.48,34.59,48.5,42.62,19.46,27.42
27-1024,78.07,70.63,69.41,23.23,77.51,69.36,66.88,23.18,54.83
27-1025,78.07,64.43,81.96,13.35,77.51,61.72,79.25,13.23,68.61
27-1026,51.8,52.09,19.91,41.77,47.74,48.75,18.12,41.56,31.89
27-1027,60.97,64.07,52.81,3.97,57.71,61.4,48.0,3.93,57.0
27-2011,36.29,38.53,58.3,37.09,33.4,35.71,53.87,36.91,22.01
27-2012,72.73,73.74,75.47,13.35,70.43,73.06,73.0,13.23,62.12
27-2021,3.32,4.04,1.73,33.91,3.01,3.57,1.5,33.76,32.18
27-2022,50.87,36.36,57.43,8.15,46.93,33.83,53.0,8.08,49.28
27-2023,52.53,40.04,53.1,96.83,48.37,37.03,48.75,96.78,44.3
27-2031,7.65,15.73,0.14,26.62,6.89,13.91,0.12,26.54,26.48
27-2032,47.04,40.91,5.19,1.88,43.61,37.78,4.75,1.86,45.17
27-2041,95.53,53.68,74.03,9.74,95.86,50.19,71.5,9.66,85.79
27-2042,63.64,33.98,53.68,22.22,60.53,31.64,49.25,22.17,41.41
27-3011,93.65,88.46,73.3,25.25,93.98,87.47,70.88,25.18,68.4
27-3023,93.65,95.6,84.56,24.1,93.98,95.74,81.88,24.03,69.55
27-3031,90.48,99.42,88.89,29.37,90.6,99.5,86.75,29.26,61.11
27-3041,93.22,96.25,82.25,20.42,93.61,96.49,79.62,20.39,72.8
27-3042,95.31,95.6,84.7,74.89,95.68,95.74,82.0,74.82,20.42
27-3043,98.27,99.28,77.2,17.68,98.37,99.37,74.5,17.67,80.59
27-3091,98.56,99.71,81.53,37.81,98.62,99.75,78.75,37.63,60.75
27-3092,99.57,86.15,72.29,42.86,99.62,85.21,70.0,42.63,56.71
27-4011,68.11,55.92,53.54,44.81,65.54,52.51,49.12,44.56,23.3
27-4012,81.75,45.02,57.58,57.5,81.89,41.6,53.12,57.58,24.24
27-4014,66.88,53.03,63.92,26.62,63.85,49.56,60.62,26.54,40.26
27-4021,60.03,45.31,50.51,12.77,56.77,41.85,45.88,12.66,47.26
27-4031,66.38,42.21,43.0,47.33,63.28,38.91,39.0,47.35,23.38
27-4032,82.83,78.35,76.91,35.14,83.08,77.94,74.25,34.98,47.69
29-1011,70.56,58.66,49.35,14.36,68.17,55.51,44.75,14.23,56.2
29-1021,43.58,46.03,50.22,2.6,40.23,42.73,45.62,2.58,47.62
29-1022,11.11,24.89,48.2,1.37,10.03,22.49,43.75,1.36,46.83
29-1023,50.87,44.01,58.44,13.64,46.93,40.66,54.0,13.52,44.81
29-1024,13.13,27.71,50.65,20.42,12.03,25.06,46.0,20.39,37.52
29-1031,85.86,77.2,92.78,1.66,86.47,76.82,91.88,1.65,91.13
29-1041,50.87,17.6,65.08,27.42,46.93,15.85,61.62,27.32,37.66
29-1051,67.32,68.54,66.38,7.72,64.41,67.04,63.12,7.65,59.6
29-1071,46.83,30.45,57.0,27.42,43.42,28.2,52.62,27.32,29.58
29-1081,49.13,54.91,67.1,3.1,45.43,51.32,63.75,3.08,64.0
29-1122,49.78,61.76,57.14,1.01,45.99,58.77,52.75,1.0,56.13
29-1123,36.8,61.33,45.31,12.77,33.83,58.4,41.0,12.66,32.54
29-1124,48.05,40.62,48.48,35.64,44.49,37.53,44.0,35.48,12.84
29-1125,52.89,64.65,59.31,0.14,48.81,61.97,55.25,0.14,59.16
29-1126,37.95,43.0,49.49,21.57,35.21,39.6,45.0,21.53,27.92
29-1127,69.84,67.82,83.26,4.47,67.54,66.17,80.5,4.43,78.79
29-1131,46.61,46.61,52.53,17.68,43.23,43.23,47.62,17.67,34.85
29-1181,70.56,76.41,67.39,0.72,68.17,76.13,64.0,0.72,69.84
29-1291,33.62,56.42,69.05,12.19,30.83,53.13,66.56,12.09,56.85
29-1292,36.29,28.21,43.72,53.54,33.4,25.69,39.62,53.51,17.24
29-1299,76.19,58.15,69.05,12.19,75.56,54.89,66.56,12.09,64.0
29-2011,54.98,43.72,60.03,76.62,51.13,40.35,56.62,76.54,21.65
29-2012,34.2,17.32,51.23,41.27,31.45,15.54,46.5,41.06,17.03
29-2031,57.22,40.91,52.09,30.95,53.2,37.78,47.25,30.83,26.26
29-2032,51.52,55.27,47.19,36.08,47.49,51.63,42.88,35.91,15.44
29-2033,50.22,50.94,56.28,26.62,46.37,47.62,52.0,26.54,29.65
29-2042,38.38,44.66,33.98,19.99,35.59,41.29,30.81,19.96,18.4
29-2043,31.46,43.29,33.98,19.99,28.57,39.85,30.81,19.96,14.0
29-2051,85.64,70.85,51.37,26.62,86.15,69.55,46.62,26.54,59.02
29-2052,67.1,72.37,53.97,80.81,64.1,71.62,49.5,80.69,26.84
29-2053,26.55,61.18,48.34,18.9,24.06,58.21,43.88,18.88,29.44
29-2055,16.45,8.66,41.56,35.64,15.04,7.64,37.75,35.48,25.11
29-2056,33.04,37.23,45.02,15.15,30.2,34.59,40.75,15.09,29.87
29-2061,43.58,50.07,40.26,20.78,40.23,46.74,36.5,20.74,22.8
29-2072,91.49,90.04,65.95,78.79,91.6,89.22,62.62,78.68,25.54
29-2081,49.13,48.41,56.85,55.12,45.43,45.18,52.5,55.08,7.72
29-2091,47.47,42.86,55.56,1.01,43.98,39.47,51.0,1.0,54.55
29-2099,64.21,52.53,49.06,25.25,61.03,49.12,44.5,25.18,38.96
29-9021,94.01,87.66,62.34,78.79,94.42,86.65,59.13,78.68,31.67
29-9091,47.91,70.27,45.89,5.05,44.36,68.8,41.5,5.01,42.86
31-1121,18.54,13.92,35.06,38.46,16.85,12.22,31.87,38.27,19.91
31-1122,39.61,60.46,37.81,57.5,36.65,57.27,34.25,57.58,19.7
31-1133,26.91,32.83,41.27,41.27,24.37,30.51,37.5,41.06,14.36
31-2011,45.89,47.33,46.03,14.72,42.61,44.11,41.62,14.59,31.31
31-2012,42.5,23.38,29.87,33.48,39.16,21.05,27.25,33.33,12.63
31-2021,31.46,29.29,39.25,11.62,28.57,26.69,35.62,11.52,27.63
31-2022,35.21,37.73,25.25,48.2,32.33,35.03,23.12,48.21,22.94
31-9011,17.75,42.57,7.36,44.23,16.17,39.22,6.62,43.99,36.87
31-9091,45.67,29.0,39.54,43.07,42.42,26.44,35.88,42.85,6.13
31-9092,57.43,36.0,58.15,34.7,53.38,33.52,53.75,34.55,23.45
31-9093,25.83,13.35,31.75,60.53,23.43,11.72,28.88,60.59,34.7
31-9094,98.12,47.04,80.52,74.89,98.25,43.86,77.75,74.82,23.23
31-9095,59.67,35.43,50.94,55.92,56.2,33.02,46.25,55.94,8.73
31-9096,39.61,37.37,29.73,70.27,36.65,34.71,27.12,70.24,40.55
33-1011,48.63,54.4,38.38,14.0,44.99,50.88,34.75,13.88,34.63
33-1012,53.97,63.42,49.21,2.6,50.06,60.84,44.62,2.58,51.37
33-1021,64.65,69.99,37.52,1.37,61.4,68.55,34.0,1.36,63.28
33-2011,29.29,26.84,9.09,28.72,26.57,24.31,8.12,28.61,20.2
33-2021,49.64,67.32,55.27,41.77,45.86,65.48,50.75,41.56,13.49
33-2022,39.25,66.45,48.63,19.77,36.34,64.66,44.12,19.74,28.86
33-3011,10.39,39.61,40.55,36.51,9.27,36.65,36.75,36.34,30.16
33-3012,44.59,48.63,24.68,47.33,41.48,45.36,22.62,47.35,22.66
33-3021,62.34,62.91,59.45,35.64,59.02,60.03,55.38,35.48,26.7
33-3031,48.77,38.96,42.71,23.02,45.11,36.09,38.75,22.96,25.76
33-3041,53.1,58.87,36.22,67.75,49.12,55.76,32.88,67.74,31.53
33-3051,56.42,49.21,34.49,24.53,52.51,45.86,31.25,24.46,31.89
33-3052,43.07,73.88,28.28,45.82,39.66,73.25,25.87,45.71,17.53
33-9011,56.28,34.2,37.23,30.16,52.38,31.83,33.75,30.04,26.12
33-9021,60.46,67.6,70.27,35.14,57.14,65.85,67.88,34.98,35.14
33-9031,68.11,57.58,69.55,88.02,65.54,54.26,67.0,87.98,19.91
33-9032,33.62,49.42,43.87,67.75,30.83,46.05,39.75,67.74,34.13
33-9091,24.82,51.37,38.1,42.42,22.43,48.12,34.5,42.2,17.6
33-9092,19.48,39.25,41.99,52.74,17.67,36.34,38.12,52.72,33.26
35-1011,44.81,51.23,47.04,25.25,41.67,47.93,42.75,25.18,21.79
35-1012,80.09,50.79,47.47,49.57,79.76,47.49,43.12,49.57,32.61
35-2011,3.32,10.82,32.9,63.28,3.01,9.52,29.88,63.3,59.96
35-2012,26.7,26.48,35.5,65.95,24.19,24.0,32.25,65.95,39.25
35-2013,41.99,53.46,29.29,34.7,38.72,49.94,26.75,34.55,12.7
35-2014,22.44,31.96,31.31,90.4,20.24,29.64,28.5,90.34,67.97
35-2015,3.32,4.04,37.37,85.21,3.01,3.57,33.88,85.12,81.89
35-2021,10.68,17.03,11.11,71.79,9.52,15.16,10.0,71.75,61.11
35-3011,36.94,34.99,36.36,59.81,33.96,32.64,33.0,59.87,23.45
35-3023,23.09,31.31,40.69,85.21,20.8,29.07,36.88,85.12,62.12
35-3031,35.5,45.74,22.94,85.21,32.71,42.48,20.88,85.12,62.27
35-3041,27.42,30.59,32.32,70.27,24.81,28.38,29.38,70.24,42.86
35-9011,3.32,4.04,1.01,78.79,3.01,3.57,0.88,78.68,77.78
35-9021,3.32,4.04,3.32,59.81,3.01,3.57,2.88,59.87,56.49
35-9031,40.12,59.45,52.67,93.43,37.09,56.39,47.88,93.35,53.32
37-1011,45.45,50.65,37.66,85.21,42.23,47.37,34.12,85.12,47.55
37-1012,56.85,49.06,38.67,45.82,52.88,45.74,35.12,45.71,18.18
37-2011,3.32,11.26,6.64,51.8,3.01,9.9,6.0,51.79,48.48
37-2012,3.32,19.34,6.35,54.04,3.01,17.42,5.75,54.01,50.72
37-2021,43.58,46.46,32.47,51.8,40.23,43.11,29.5,51.79,19.34
37-3011,8.44,9.96,1.59,88.02,7.58,8.77,1.38,87.98,86.44
37-3012,14.29,18.33,25.11,93.43,13.03,16.54,23.0,93.35,79.15
37-3013,15.15,19.91,3.61,59.81,13.78,17.92,3.12,59.87,56.2
39-1013,67.53,60.89,64.5,39.39,64.91,57.77,61.12,39.2,28.14
39-1014,58.59,62.05,62.99,22.58,54.89,59.15,59.69,22.53,40.4
39-1022,64.5,64.43,62.99,22.58,61.28,61.72,59.69,22.53,41.92
39-2011,24.1,34.56,23.81,25.25,21.8,32.27,21.75,25.18,1.44
39-2021,47.19,42.21,24.53,64.36,43.73,38.91,22.5,64.38,39.83
39-3011,28.28,37.52,55.12,90.4,25.56,34.84,50.62,90.34,62.12
39-3012,46.32,46.75,63.78,78.79,42.98,43.55,60.5,78.68,32.47
39-3021,35.21,23.88,44.59,93.43,32.33,21.49,40.38,93.35,58.23
39-3031,29.87,43.87,48.05,90.4,27.13,40.48,43.62,90.34,60.53
39-3091,38.96,64.94,39.83,55.92,36.09,62.28,36.12,55.94,16.96
39-3092,45.17,48.05,42.86,48.2,41.98,44.86,38.88,48.21,5.34
39-3093,15.66,36.65,45.74,40.26,14.35,34.09,41.38,40.06,30.09
39-4011,11.11,14.79,31.6,44.23,10.03,13.1,28.75,43.99,33.12
39-4021,34.78,47.55,38.96,37.09,31.95,44.36,35.38,36.91,4.18
39-5011,32.76,23.16,31.89,62.41,29.82,20.86,29.0,62.45,30.52
39-5012,19.19,17.97,34.2,25.9,17.42,16.23,31.0,25.82,15.01
39-5091,55.41,48.77,42.57,7.07,51.5,45.49,38.62,7.01,48.34
39-5092,20.49,18.33,54.55,88.02,18.55,16.54,50.0,87.98,67.53
39-5093,29.87,22.58,24.1,61.47,27.13,20.3,22.0,61.52,37.37
39-5094,37.37,29.73,47.33,34.27,34.34,27.32,43.0,34.12,13.06
39-6011,30.74,53.03,10.25,65.95,27.94,49.56,9.25,65.95,55.7
39-6012,72.15,98.12,73.45,30.16,69.8,98.37,71.0,30.04,43.29
39-7011,46.32,62.55,61.33,78.79,42.98,59.59,58.0,78.68,32.47
39-7012,59.67,69.05,66.67,20.63,56.2,67.54,63.38,20.6,46.03
39-9011,29.44,61.47,44.16,23.52,26.69,58.52,40.0,23.46,20.63
39-9031,6.93,47.91,0.29,23.67,6.27,44.74,0.25,23.61,23.38
39-9032,41.34,50.07,47.91,4.18,38.16,46.74,43.5,4.15,43.72
39-9041,41.99,53.46,64.21,21.36,38.72,49.94,60.88,21.32,42.86
41-1011,74.68,69.84,54.26,33.91,73.62,68.42,49.75,33.76,40.76
41-1012,84.85,74.31,91.05,22.37,85.09,74.06,89.0,22.32,68.69
41-2011,38.53,64.21,47.76,93.43,35.71,61.53,43.38,93.35,54.91
41-2012,44.81,57.0,52.96,65.95,41.67,53.76,48.5,65.95,21.14
41-2021,83.91,97.33,55.84,93.43,84.15,97.68,51.5,93.35,37.59
41-2022,55.7,62.19,51.8,96.83,51.75,59.27,47.0,96.78,45.02
41-2031,55.56,63.42,56.42,80.81,51.63,60.84,52.12,80.69,25.25
41-3011,84.99,97.84,84.13,44.23,85.34,98.12,81.38,43.99,40.76
41-3021,89.39,87.3,92.35,80.81,89.66,86.34,91.5,80.69,11.54
41-3031,91.05,85.5,86.87,10.61,91.1,84.65,84.62,10.52,80.45
41-3041,87.73,90.33,82.4,24.68,88.22,89.47,79.75,24.61,63.06
41-4011,76.33,91.05,74.46,32.47,75.69,90.48,71.88,32.33,43.87
41-4012,91.85,98.41,71.72,68.98,91.92,98.62,69.5,68.96,22.87
41-9011,27.13,68.33,57.72,43.07,24.56,66.6,53.25,42.85,30.59
41-9012,40.55,69.05,15.3,96.83,37.47,67.54,14.0,96.78,81.53
41-9021,78.07,71.86,83.41,93.43,77.51,70.8,80.62,93.35,15.37
41-9022,68.11,70.63,73.74,70.27,65.54,69.36,71.25,70.24,5.63
41-9031,80.23,88.02,83.12,2.02,80.01,86.97,80.38,2.0,81.1
41-9041,97.4,86.87,81.67,99.21,97.62,85.96,79.0,99.21,17.53
41-9091,44.44,86.29,81.39,85.21,41.35,85.4,78.62,85.12,40.76
43-1011,75.76,87.66,79.51,8.73,75.19,86.65,76.62,8.66,70.78
43-2011,92.57,80.45,76.77,90.4,92.54,79.76,74.12,90.34,15.8
43-2021,98.99,89.32,78.35,93.43,99.0,88.6,75.5,93.35,20.63
43-3011,95.09,72.58,87.73,88.02,95.49,71.93,85.5,87.98,7.36
43-3021,96.83,71.21,91.92,90.4,97.12,70.05,90.5,90.34,6.42
43-3031,97.11,57.86,79.65,96.83,97.37,54.51,76.75,96.78,17.46
43-3041,65.8,71.43,62.63,38.46,62.66,70.3,59.38,38.27,27.34
43-3051,97.69,80.88,87.01,93.43,97.87,80.14,84.75,93.35,10.68
43-3061,91.2,76.62,99.28,96.83,91.35,76.32,99.25,96.78,8.08
43-3071,85.43,60.46,64.07,96.83,85.84,57.27,60.75,96.78,32.76
43-4011,96.68,99.57,82.97,96.83,96.99,99.62,80.25,96.78,13.85
43-4021,99.71,98.85,83.55,70.27,99.75,99.0,80.75,70.24,29.44
43-4031,95.31,92.5,84.27,40.98,95.68,92.48,81.62,40.77,54.33
43-4041,93.65,91.27,97.98,93.43,93.98,90.73,98.12,93.35,4.55
43-4051,88.31,98.27,75.76,44.81,88.72,98.5,73.25,44.56,43.51
43-4061,94.81,94.81,85.86,54.47,95.11,94.86,83.38,54.43,40.33
43-4071,96.97,78.07,60.17,93.43,97.24,77.69,56.75,93.35,36.8
43-4081,78.07,68.33,66.52,85.21,77.51,66.6,63.25,85.12,18.69
43-4111,94.52,73.23,90.19,85.21,94.86,72.49,87.88,85.12,9.31
43-4121,84.42,74.03,59.16,88.02,84.71,73.56,55.12,87.98,28.86
43-4131,90.76,82.76,93.94,80.81,90.85,81.89,94.0,80.69,13.13
43-4141,87.37,93.65,84.42,99.21,87.91,93.73,81.75,99.21,14.79
43-4151,95.67,93.65,72.73,96.83,95.99,93.73,70.38,96.78,24.1
43-4161,91.85,77.71,93.65,76.62,91.92,77.26,93.38,76.54,17.03
43-4171,84.2,92.14,77.92,90.4,84.46,91.67,75.12,90.34,12.48
43-4181,71.28,87.01,59.6,48.2,68.98,86.09,55.5,48.21,23.09
43-5011,82.54,72.73,96.54,99.21,82.83,72.06,96.62,99.21,16.67
43-5021,52.24,38.38,22.37,85.21,48.12,35.59,20.38,85.12,62.84
43-5031,94.01,92.93,74.75,42.42,94.42,93.05,72.12,42.2,51.59
43-5032,94.66,96.68,86.15,90.4,94.99,96.99,83.75,90.34,8.51
43-5041,67.68,63.13,21.36,68.98,65.04,60.59,19.38,68.96,47.62
43-5051,52.67,53.03,39.97,88.02,48.5,49.56,36.25,87.98,48.05
43-5052,40.26,62.55,17.32,53.54,37.22,59.59,15.88,53.51,36.22
43-5053,23.45,32.83,12.84,61.47,21.12,30.51,11.62,61.52,48.63
43-5061,90.91,85.5,68.69,73.3,90.98,84.65,65.25,73.25,22.22
43-5071,78.07,63.78,30.88,96.83,77.51,61.15,28.12,96.78,65.95
43-5111,50.51,52.67,49.64,88.02,46.62,49.25,45.12,87.98,38.38
43-6011,93.36,98.99,80.81,70.27,93.73,99.12,78.0,70.24,23.09
43-6012,94.95,99.13,78.21,96.83,95.36,99.25,75.38,96.78,18.61
43-6013,94.23,94.23,85.71,63.28,94.61,94.24,83.12,63.3,30.95
43-6014,92.93,90.48,81.24,90.4,93.23,89.85,78.5,90.34,11.69
43-9021,98.85,81.53,60.75,99.21,98.87,80.83,57.38,99.21,38.46
43-9022,96.39,80.88,66.96,63.28,96.62,80.14,63.62,63.3,33.12
43-9031,93.07,80.45,61.04,28.14,93.48,79.76,57.63,28.04,64.94
43-9041,97.55,84.42,86.44,96.83,97.74,83.58,84.0,96.78,11.11
43-9051,39.11,31.96,28.57,85.21,36.22,29.64,26.12,85.12,56.64
43-9061,89.39,82.76,77.34,90.4,89.66,81.89,74.62,90.34,13.06
43-9071,62.19,41.63,40.12,80.81,58.9,38.41,36.38,80.69,40.69
43-9081,99.86,93.94,89.18,67.75,99.87,93.98,87.0,67.74,32.11
43-9111,98.7,97.11,95.82,51.8,98.75,97.49,95.88,51.79,46.9
45-1011,48.2,38.74,41.7,45.82,44.61,35.9,37.88,45.71,6.49
45-2011,50.36,55.41,58.73,85.21,46.49,51.75,54.5,85.12,34.85
45-2021,33.62,23.88,17.89,88.02,30.83,21.49,16.38,87.98,70.13
45-2041,23.45,17.6,8.51,39.39,21.12,15.85,7.62,39.2,30.88
45-3031,12.84,8.08,7.5,62.41,11.78,7.14,6.75,62.45,54.91
45-4011,12.63,21.28,17.46,71.79,11.53,19.11,16.0,71.75,59.16
45-4021,9.67,32.83,1.88,59.02,8.65,30.51,1.62,59.08,57.14
45-4022,36.29,20.2,19.62,61.47,33.4,18.17,17.88,61.52,41.85
45-4023,38.82,38.74,41.85,93.43,35.96,35.9,38.0,93.35,54.62
47-1011,65.08,47.55,46.18,28.72,61.9,44.36,41.75,28.61,36.36
47-2011,9.31,4.04,16.02,53.54,8.33,3.57,14.75,53.51,44.23
47-2021,10.82,4.04,2.74,64.36,9.65,3.57,2.38,64.38,61.62
47-2022,3.32,4.04,3.75,74.89,3.01,3.57,3.25,74.82,71.57
47-2031,30.3,27.34,8.95,55.92,27.57,24.75,8.0,55.94,46.97
47-2041,15.3,12.05,5.34,71.79,13.97,10.59,4.88,71.75,66.45
47-2042,3.32,4.04,9.67,61.47,3.01,3.57,8.62,61.52,58.15
47-2043,17.46,4.04,3.03,71.79,15.91,3.57,2.62,71.75,68.76
47-2044,21.07,13.56,11.4,58.23,19.05,11.9,10.25,58.3,46.83
47-2051,3.32,4.04,2.16,85.21,3.01,3.57,1.88,85.12,83.04
47-2053,3.32,9.6,2.31,73.3,3.01,8.46,2.0,73.25,71.0
47-2061,13.56,10.17,4.47,73.3,12.41,8.96,4.0,73.25,68.83
47-2071,3.32,4.04,12.99,65.95,3.01,3.57,11.75,65.95,62.63
47-2072,3.32,4.04,11.83,64.36,3.01,3.57,10.62,64.38,61.04
47-2073,14.14,26.7,25.4,88.02,12.91,24.19,23.25,87.98,73.88
47-2081,11.69,9.16,4.18,61.47,10.59,8.08,3.75,61.52,57.29
47-2082,3.32,4.04,5.77,49.06,3.01,3.57,5.25,49.07,45.74
47-2111,30.59,37.09,29.44,27.78,27.82,34.46,26.88,27.68,2.81
47-2121,20.49,12.05,8.08,56.78,18.55,10.59,7.25,56.87,48.7
47-2131,13.56,29.0,4.62,65.95,12.41,26.44,4.12,65.95,61.33
47-2132,13.13,16.81,10.39,50.29,12.03,14.97,9.38,50.29,39.9
47-2141,14.43,11.4,5.05,58.23,13.16,10.03,4.62,58.3,53.17
47-2142,8.8,4.04,3.46,71.79,7.89,3.57,3.0,71.75,68.33
47-2151,10.39,4.04,11.26,49.06,9.27,3.57,10.12,49.07,38.67
47-2152,18.04,20.63,15.44,36.08,16.42,18.55,14.12,35.91,20.63
47-2161,18.54,13.92,2.6,67.75,16.85,12.22,2.25,67.74,65.15
47-2171,17.46,4.04,0.58,76.62,15.91,3.57,0.5,76.54,76.05
47-2181,11.11,4.04,2.89,76.62,10.03,3.57,2.5,76.54,73.74
47-2211,16.16,14.43,13.42,64.36,14.79,12.78,12.12,64.38,50.94
47-2221,9.02,4.04,2.02,65.95,8.08,3.57,1.75,65.95,63.92
47-3011,3.32,4.04,0.87,65.95,3.01,3.57,0.75,65.95,65.08
47-3012,3.32,4.04,6.78,80.81,3.01,3.57,6.12,80.69,77.49
47-3013,8.44,4.04,6.2,57.5,7.58,3.57,5.62,57.58,51.3
47-3014,3.32,4.04,0.43,85.21,3.01,3.57,0.38,85.12,84.78
47-3015,3.32,4.04,4.04,45.82,3.01,3.57,3.62,45.71,42.5
47-3016,3.32,4.04,1.3,55.92,3.01,3.57,1.12,55.94,54.62
47-4011,54.83,54.26,60.32,49.57,51.0,50.75,56.88,49.57,10.75
47-4021,35.71,24.68,26.55,38.46,32.89,22.31,24.38,38.27,11.9
47-4031,13.85,10.39,1.15,80.81,12.66,9.15,1.0,80.69,79.65
47-4041,19.77,12.55,33.77,43.8,17.92,11.03,30.63,43.56,24.03
47-4051,7.07,4.04,10.1,71.79,6.39,3.57,9.12,71.75,64.72
47-4061,3.32,4.04,7.65,74.89,3.01,3.57,6.88,74.82,71.57
47-4071,19.05,28.21,12.12,65.95,17.29,25.69,10.88,65.95,53.82
47-4091,11.69,25.83,20.49,65.95,10.59,23.37,18.62,65.95,54.26
47-5011,3.32,4.04,6.93,62.41,3.01,3.57,6.25,62.45,59.09
47-5012,14.0,10.82,29.58,43.8,12.78,9.52,27.0,43.56,29.8
47-5013,15.66,36.65,21.5,82.61,14.35,34.09,19.5,82.47,66.96
47-5022,3.32,4.04,14.72,85.21,3.01,3.57,13.44,85.12,81.89
47-5023,28.72,30.74,33.33,68.98,25.94,28.57,30.25,68.96,40.26
47-5032,28.43,31.02,31.46,52.24,25.69,28.82,28.62,52.22,23.81
47-5041,3.32,19.77,13.85,44.23,3.01,17.79,12.5,43.99,40.91
47-5043,3.32,4.04,4.76,42.42,3.01,3.57,4.25,42.2,39.11
47-5044,8.23,25.4,9.52,40.55,7.39,22.93,8.5,40.34,32.32
47-5051,18.54,24.17,2.45,90.4,16.85,21.74,2.12,90.34,87.95
47-5071,3.32,4.04,5.92,53.54,3.01,3.57,5.38,53.51,50.22
47-5081,3.32,21.28,5.63,37.09,3.01,19.11,5.12,36.91,33.77
49-1011,64.07,52.24,53.39,0.36,60.9,48.87,49.0,0.36,63.71
49-2011,58.23,44.3,45.6,57.5,54.57,40.98,41.25,57.58,12.63
49-2021,25.32,25.83,35.64,82.61,22.87,23.37,32.38,82.47,57.29
49-2022,48.41,44.16,26.98,36.51,44.8,40.85,24.75,36.34,21.43
49-2091,41.99,35.43,50.36,54.47,38.72,33.02,45.75,54.43,12.48
49-2092,25.11,8.8,28.72,59.02,22.68,7.77,26.25,59.08,33.91
49-2093,41.99,39.25,27.85,78.79,38.72,36.34,25.5,78.68,50.94
49-2094,52.09,54.04,42.42,39.39,47.99,50.56,38.5,39.2,12.7
49-2095,55.12,39.25,38.82,37.81,51.25,36.34,35.25,37.63,17.32
49-2096,33.62,32.83,29.0,48.2,30.83,30.51,26.5,48.21,19.19
49-2097,41.34,28.5,37.95,51.08,38.16,26.0,34.38,51.07,13.13
49-2098,33.62,42.42,33.48,64.36,30.83,39.1,30.38,64.38,30.88
49-3011,28.14,19.62,34.92,55.12,25.44,17.67,31.75,55.08,26.98
49-3021,12.34,16.31,13.28,78.79,11.22,14.41,12.0,78.68,66.45
49-3022,3.32,4.04,12.41,44.81,3.01,3.57,11.12,44.56,41.49
49-3023,20.2,22.94,22.8,46.75,18.3,20.68,20.75,46.71,26.55
49-3031,3.32,4.04,19.34,56.78,3.01,3.57,17.62,56.87,53.46
49-3041,26.19,41.27,12.27,58.23,23.75,38.1,11.0,58.3,45.96
49-3042,23.45,32.83,13.56,38.89,21.12,30.51,12.25,38.7,25.32
49-3043,22.94,20.85,6.49,73.3,20.68,18.73,5.88,73.25,66.81
49-3051,18.54,13.92,24.96,51.8,16.85,12.22,22.88,51.79,33.26
49-3052,3.32,4.04,30.01,61.47,3.01,3.57,27.38,61.52,58.15
49-3053,34.92,29.87,24.39,82.61,32.08,27.44,22.38,82.47,58.23
49-3091,24.1,22.15,23.67,85.21,21.8,19.86,21.62,85.12,61.54
49-3092,15.01,27.71,23.52,46.75,13.66,25.06,21.5,46.71,31.75
49-3093,3.32,4.04,5.48,54.47,3.01,3.57,5.0,54.43,51.15
49-9011,28.72,21.86,8.37,78.79,25.94,19.61,7.5,78.68,70.42
49-9012,27.85,22.58,30.3,49.57,25.19,20.3,27.62,49.57,21.72
49-9021,24.82,35.64,27.13,51.08,22.43,33.21,24.88,51.07,26.26
49-9031,30.45,30.01,21.93,55.92,27.69,27.57,20.0,55.94,33.98
49-9041,47.33,36.65,15.01,52.74,43.86,34.09,13.75,52.72,37.73
49-9043,29.87,30.88,21.21,70.27,27.13,28.7,19.25,70.24,49.06
49-9044,7.94,16.45,10.53,46.75,7.14,14.6,9.5,46.71,38.82
49-9045,3.32,4.04,10.82,64.36,3.01,3.57,9.75,64.38,61.04
49-9051,3.32,4.04,16.74,24.39,3.01,3.57,15.38,24.32,21.07
49-9052,9.67,12.05,16.59,42.42,8.65,10.59,15.25,42.2,32.76
49-9061,41.99,14.79,54.98,93.43,38.72,13.1,50.5,93.35,51.44
49-9062,51.66,52.38,46.75,33.48,47.62,49.0,42.5,33.33,18.18
49-9063,7.36,4.04,39.39,78.79,6.64,3.57,35.75,78.68,71.43
49-9064,37.59,40.04,48.77,99.21,34.59,37.03,44.25,99.21,61.62
49-9071,29.0,24.53,19.19,50.29,26.19,22.18,17.5,50.29,31.1
49-9091,53.25,43.58,32.61,85.21,49.25,40.23,29.62,85.12,52.6
49-9092,16.45,27.34,15.87,29.37,15.04,24.75,14.62,29.26,13.49
49-9094,19.48,24.89,26.26,59.81,17.67,22.49,24.12,59.87,40.33
49-9095,18.54,31.17,7.07,29.37,16.85,28.95,6.38,29.26,22.29
49-9096,3.32,13.35,11.54,74.89,3.01,11.72,10.38,74.82,71.57
49-9097,18.54,13.92,26.84,76.62,16.85,12.22,24.62,76.54,58.08
49-9098,10.03,4.04,8.66,61.47,8.96,3.57,7.75,61.52,52.81
49-9099,38.67,56.57,20.78,90.4,35.84,53.26,18.88,90.34,69.62
51-1011,62.55,46.03,52.24,10.61,59.27,42.73,47.38,10.52,51.95
51-2011,8.66,10.17,25.97,61.47,7.77,8.96,23.88,61.52,52.81
51-2021,39.61,34.99,28.14,56.78,36.65,32.64,25.75,56.87,28.64
51-2022,22.8,19.05,36.08,88.02,20.55,17.17,32.75,87.98,65.22
51-2023,13.13,4.04,41.13,93.43,12.03,3.57,37.38,93.35,80.3
51-2031,22.66,4.04,22.66,64.36,20.43,3.57,20.62,64.38,41.7
51-2041,8.08,9.6,17.03,39.39,7.27,8.46,15.62,39.2,31.31
51-2051,7.65,25.83,11.98,82.61,6.89,23.37,10.75,82.47,74.96
51-2061,14.86,4.04,47.62,96.83,13.53,3.57,43.25,96.78,81.96
51-2092,40.98,27.06,27.71,93.43,37.84,24.5,25.37,93.35,65.73
51-3011,45.31,31.46,44.01,74.89,42.11,29.2,39.88,74.82,30.88
51-3021,27.99,10.82,21.65,82.61,25.31,9.52,19.75,82.47,60.97
51-3022,3.32,4.04,15.73,85.21,3.01,3.57,14.5,85.12,81.89
51-3023,3.32,4.04,1.44,47.33,3.01,3.57,1.25,47.35,45.89
51-3091,16.45,21.65,30.59,78.79,15.04,19.42,27.88,78.68,62.34
51-3092,26.19,38.17,44.44,54.47,23.75,35.4,40.25,54.43,28.28
51-3093,27.27,12.55,38.53,48.2,24.69,11.03,34.88,48.21,20.92
51-4021,7.65,25.83,10.97,78.79,6.89,23.37,9.88,78.68,71.14
51-4022,11.69,15.73,28.86,82.61,10.59,13.91,26.38,82.47,70.92
51-4023,34.56,23.16,16.45,65.95,31.77,20.86,15.12,65.95,49.49
51-4031,6.64,8.95,18.47,60.53,6.02,7.89,16.88,60.59,53.9
51-4032,9.31,4.04,30.45,85.21,8.33,3.57,27.75,85.12,75.9
51-4033,15.66,20.85,20.35,88.02,14.35,18.73,18.5,87.98,72.37
51-4034,32.54,12.55,17.17,67.75,29.64,11.03,15.75,67.74,50.58
51-4035,42.71,22.15,25.83,96.83,39.35,19.86,23.75,96.78,71.0
51-4041,40.84,33.98,26.12,51.08,37.72,31.64,24.0,51.07,24.96
51-4051,24.46,15.73,13.71,73.3,22.12,13.91,12.38,73.25,59.6
51-4052,3.32,4.04,19.48,71.79,3.01,3.57,17.75,71.75,68.47
51-4061,32.54,28.72,31.17,82.61,29.64,26.19,28.38,82.47,51.44
51-4062,31.1,33.77,36.65,76.62,28.26,31.45,33.25,76.54,45.53
51-4071,3.32,4.04,3.17,52.74,3.01,3.57,2.75,52.72,49.57
51-4072,19.99,12.99,14.57,88.02,18.11,11.4,13.12,87.98,73.45
51-4081,23.81,36.0,31.02,78.79,21.55,33.52,28.25,78.68,54.98
51-4111,36.29,30.23,39.11,67.75,33.4,27.76,35.5,67.74,31.46
51-4121,21.21,14.29,12.7,85.21,19.17,12.59,11.5,85.12,72.51
51-4122,16.81,18.76,19.77,48.2,15.35,16.92,18.0,48.21,31.39
51-4191,34.56,19.34,16.16,78.79,31.77,17.42,14.88,78.68,62.63
51-4192,27.63,37.95,32.76,67.75,25.0,35.21,29.75,67.74,40.12
51-4193,24.46,15.73,24.24,80.81,22.12,13.91,22.25,80.69,56.57
51-4194,10.03,4.04,25.54,73.3,8.96,3.57,23.38,73.25,63.28
51-5111,68.11,30.23,62.77,93.43,65.54,27.76,59.5,93.35,30.66
51-5112,49.49,32.83,33.04,65.95,45.74,30.51,30.0,65.95,32.9
51-5113,21.5,20.49,23.95,88.02,19.42,18.42,21.88,87.98,66.52
51-6011,13.56,17.6,17.75,55.12,12.41,15.85,16.25,55.08,41.56
51-6021,6.78,9.16,0.72,63.28,6.14,8.08,0.62,63.3,62.55
51-6031,19.99,9.81,22.08,74.89,18.11,8.65,20.12,74.82,54.91
51-6041,14.65,19.34,20.2,43.43,13.35,17.42,18.38,43.2,28.79
51-6042,20.92,9.38,18.76,93.43,18.92,8.27,17.12,93.35,74.68
51-6051,11.69,15.73,36.94,99.21,10.59,13.91,33.5,99.21,87.52
51-6052,21.79,21.86,43.43,67.75,19.67,19.61,39.38,67.74,45.96
51-6061,32.03,31.6,26.41,93.43,29.2,29.32,24.25,93.35,67.03
51-6062,32.32,36.22,18.9,88.02,29.45,33.71,17.25,87.98,69.12
51-6063,31.89,32.83,10.68,56.78,29.01,30.51,9.62,56.87,46.1
51-6064,20.78,22.58,7.94,90.4,18.8,20.3,7.12,90.34,82.47
51-6091,17.03,26.48,26.7,73.3,15.54,24.0,24.5,73.25,56.28
51-6092,72.51,42.71,52.38,3.75,70.11,39.35,47.5,3.72,68.76
51-6093,36.65,27.06,9.24,38.46,33.71,24.5,8.25,38.27,29.22
51-7011,26.41,16.59,8.8,80.81,23.93,14.79,7.88,80.69,72.01
51-7021,9.02,22.58,12.55,71.79,8.08,20.3,11.38,71.75,62.77
51-7031,31.46,38.17,32.18,90.4,28.57,35.4,29.25,90.34,58.95
51-7032,44.16,54.04,17.6,78.79,40.85,50.56,16.12,78.68,61.18
51-7041,14.65,8.51,14.0,70.27,13.35,7.52,12.62,70.24,56.28
51-7042,16.02,12.84,15.15,93.43,14.66,11.28,13.88,93.35,78.28
51-8011,52.89,31.75,70.71,88.02,48.81,29.45,68.5,87.98,35.14
51-8012,59.16,49.42,64.79,50.29,55.39,46.05,61.38,50.29,14.5
51-8013,31.75,27.99,45.45,68.98,28.82,25.31,41.12,68.96,37.23
51-8021,32.9,29.58,40.84,74.89,30.01,26.94,37.12,74.82,41.99
51-8031,26.91,32.83,43.15,48.2,24.37,30.51,39.12,48.21,21.28
51-8091,30.88,37.73,44.3,68.98,28.07,35.03,40.12,68.96,38.1
51-8092,22.15,24.39,46.46,60.53,19.99,21.99,42.0,60.59,38.38
51-8093,37.09,40.62,44.88,55.12,34.09,37.53,40.62,55.08,18.04
51-8099,22.44,25.18,34.34,70.27,20.24,22.74,31.13,70.24,47.84
51-9011,31.1,21.28,40.4,59.02,28.26,19.11,36.62,59.08,27.92
51-9012,29.87,26.26,23.23,73.3,27.13,23.81,21.25,73.25,50.07
51-9021,25.54,25.18,18.04,93.43,23.06,22.74,16.5,93.35,75.4
51-9022,10.39,13.13,14.43,93.43,9.27,11.53,13.0,93.35,83.04
51-9023,25.83,25.83,28.43,65.95,23.43,23.37,26.0,65.95,40.12
51-9031,3.32,4.04,23.09,50.29,3.01,3.57,21.0,50.29,46.97
51-9032,16.81,18.76,16.88,70.27,15.35,16.92,15.5,70.24,53.46
51-9041,17.89,23.59,18.18,82.61,16.29,21.24,16.62,82.47,64.72
51-9051,32.18,14.79,22.51,37.09,29.32,13.1,20.5,36.91,14.57
51-9061,65.08,41.85,53.25,96.83,61.9,38.6,48.88,96.78,43.58
51-9071,38.24,34.34,50.79,88.02,35.46,31.95,46.12,87.98,49.78
51-9081,11.69,15.73,53.82,93.43,10.59,13.91,49.38,93.35,81.75
51-9082,29.15,29.44,41.41,40.84,26.32,26.82,37.62,40.63,12.27
51-9083,22.15,20.2,37.09,93.43,19.99,18.17,33.62,93.35,71.28
51-9111,3.32,23.59,20.92,96.83,3.01,21.24,19.0,96.78,93.51
51-9123,3.32,11.54,21.79,80.81,3.01,10.15,19.88,80.69,77.49
51-9124,12.63,8.37,9.81,62.41,11.53,7.39,8.88,62.45,52.6
51-9141,40.69,20.2,35.35,73.3,37.59,18.17,32.12,73.25,37.95
51-9151,59.67,40.4,45.17,99.21,56.2,37.34,40.88,99.21,54.04
51-9161,43.58,41.99,20.63,70.27,40.23,38.72,18.75,70.24,49.64
51-9162,97.26,63.78,34.78,36.51,97.49,61.15,31.62,36.34,62.48
51-9191,15.66,4.04,9.38,88.02,14.35,3.57,8.38,87.98,78.64
51-9192,24.82,17.97,14.86,63.28,22.43,16.23,13.63,63.3,48.41
51-9193,19.48,14.79,22.22,82.61,17.67,13.1,20.25,82.47,63.13
51-9194,28.72,11.69,35.21,96.83,25.94,10.28,32.0,96.78,68.11
51-9195,17.17,17.17,13.13,76.62,15.66,15.29,11.88,76.54,63.49
51-9196,3.32,10.82,25.69,52.74,3.01,9.52,23.5,52.72,49.42
51-9197,7.22,4.04,4.91,85.21,6.52,3.57,4.38,85.12,80.3
51-9198,21.36,18.33,7.22,51.8,19.3,16.54,6.5,51.79,44.59
53-1041,50.87,4.04,33.19,21.57,46.93,3.57,30.12,21.53,29.29
53-1042,51.23,70.42,57.29,39.9,47.24,69.17,52.88,39.7,17.39
53-1043,59.02,56.85,58.01,15.15,55.26,53.63,53.56,15.09,43.87
53-1044,50.0,58.3,60.46,20.2,46.18,55.01,57.0,20.17,40.26
53-2011,56.57,46.32,48.92,29.37,52.63,42.98,44.38,29.26,27.2
53-2012,41.56,45.17,50.07,44.81,38.35,41.73,45.5,44.56,8.51
53-2021,55.27,56.71,83.69,25.9,51.38,53.38,80.88,25.82,57.79
53-2022,57.86,59.6,64.36,55.12,54.26,56.52,61.0,55.08,9.24
53-2031,33.62,36.94,30.16,36.08,30.83,34.34,27.5,35.91,5.92
53-3011,21.79,16.81,27.99,32.47,19.67,14.97,25.62,32.33,10.68
53-3031,54.4,34.99,32.03,96.83,50.56,32.64,29.12,96.78,64.79
53-3032,47.76,41.27,14.29,61.47,44.24,38.1,12.88,61.52,47.19
53-3033,57.72,50.07,15.58,54.04,54.01,46.74,14.25,54.01,42.14
53-3051,53.54,41.63,46.61,74.89,49.62,38.41,42.12,74.82,28.28
53-3052,42.5,40.04,36.8,52.74,39.16,37.03,33.38,52.72,15.95
53-3053,43.58,41.27,42.28,74.89,40.23,38.1,38.38,74.82,32.61
53-3054,48.41,50.07,35.79,74.89,44.8,46.74,32.5,74.82,39.11
53-4011,49.13,47.04,40.98,90.4,45.43,43.86,37.25,90.34,49.42
53-4013,38.1,18.76,27.56,78.79,35.34,16.92,25.25,78.68,51.23
53-4022,33.62,15.73,20.06,73.3,30.83,13.91,18.25,73.25,53.25
53-4031,47.62,44.66,42.14,65.95,44.11,41.29,38.25,65.95,23.81
53-4041,63.78,44.44,36.51,70.27,60.65,41.1,33.12,70.24,33.77
53-5011,12.34,8.23,14.14,65.95,11.22,7.27,12.75,65.95,53.61
53-5021,45.02,44.88,43.58,33.48,41.85,41.48,39.5,33.33,11.54
53-5022,3.32,33.62,24.82,49.06,3.01,31.33,22.75,49.07,45.74
53-5031,34.34,35.79,39.68,18.54,31.58,33.33,36.0,18.53,21.14
53-6011,49.13,39.61,35.93,93.43,45.43,36.65,32.62,93.35,57.5
53-6021,25.32,32.83,27.42,71.79,22.87,30.51,25.12,71.75,46.46
53-6031,27.63,21.28,11.69,65.95,25.0,19.11,10.5,65.95,54.26
53-6041,71.72,67.6,62.05,76.62,69.42,65.85,58.88,76.54,14.57
53-6051,64.36,47.76,49.93,76.62,61.15,44.61,45.38,76.54,26.7
53-6061,39.61,34.99,44.73,58.23,36.65,32.64,40.5,58.3,18.61
53-7011,24.1,34.56,30.74,82.61,21.8,32.27,28.0,82.47,58.51
53-7021,35.71,10.82,18.61,76.62,32.89,9.52,17.0,76.54,58.01
53-7031,3.32,4.04,19.05,80.81,3.01,3.57,17.38,80.69,77.49
53-7041,3.32,28.5,21.07,51.08,3.01,26.0,19.12,51.07,47.76
53-7051,9.67,12.05,7.79,82.61,8.65,10.59,7.0,82.47,74.82
53-7061,20.49,4.04,4.33,37.09,18.55,3.57,3.88,36.91,32.76
53-7062,12.12,15.15,3.9,68.98,11.03,13.41,3.38,68.96,65.08
53-7063,21.79,27.71,18.33,82.61,19.67,25.06,16.75,82.47,64.29
53-7064,23.45,29.0,6.06,37.81,21.12,26.44,5.5,37.63,31.75
53-7065,35.21,43.15,29.15,50.29,32.33,39.72,26.62,50.29,21.14
53-7071,46.32,24.17,33.62,78.79,42.98,21.74,30.5,78.68,45.17
53-7072,43.07,40.04,27.27,76.62,39.66,37.03,25.0,76.54,49.35
53-7073,3.32,4.04,16.31,67.75,3.01,3.57,15.0,67.74,64.43
53-7081,37.23,47.04,9.96,82.61,34.21,43.86,9.0,82.47,72.66
53-7121,17.46,32.83,8.23,55.92,15.91,30.51,7.38,55.94,47.69
